/*
Navicat MySQL Data Transfer

Source Server         : localhost_connection
Source Server Version : 50738
Source Host           : localhost:3306
Source Database       : blog

Target Server Type    : MYSQL
Target Server Version : 50738
File Encoding         : 65001

Date: 2023-02-10 04:27:19
*/

SET FOREIGN_KEY_CHECKS=0;

-- ----------------------------
-- Table structure for hibernate_sequence
-- ----------------------------
DROP TABLE IF EXISTS `hibernate_sequence`;
CREATE TABLE `hibernate_sequence` (
  `next_val` bigint(20) DEFAULT NULL
) ENGINE=InnoDB DEFAULT CHARSET=latin1;

-- ----------------------------
-- Records of hibernate_sequence
-- ----------------------------
INSERT INTO `hibernate_sequence` VALUES ('80');

-- ----------------------------
-- Table structure for t_blog
-- ----------------------------
DROP TABLE IF EXISTS `t_blog`;
CREATE TABLE `t_blog` (
  `id` bigint(20) NOT NULL,
  `blog_abstract` mediumblob,
  `content` longblob,
  `create_time` datetime(6) DEFAULT NULL,
  `flag` varchar(255) DEFAULT NULL,
  `picture` varchar(255) DEFAULT NULL,
  `recommend` bit(1) DEFAULT NULL,
  `share_statement` bit(1) DEFAULT NULL,
  `title` varchar(255) DEFAULT NULL,
  `update_time` datetime(6) DEFAULT NULL,
  `view` int(11) DEFAULT NULL,
  `type_id` bigint(20) DEFAULT NULL,
  `user_id` bigint(20) DEFAULT NULL,
  `allow_comment` bit(1) NOT NULL,
  `published` bit(1) NOT NULL,
  PRIMARY KEY (`id`),
  KEY `FK292449gwg5yf7ocdlmswv9w4j` (`type_id`),
  KEY `FK8ky5rrsxh01nkhctmo7d48p82` (`user_id`),
  CONSTRAINT `FK292449gwg5yf7ocdlmswv9w4j` FOREIGN KEY (`type_id`) REFERENCES `t_type` (`id`),
  CONSTRAINT `FK8ky5rrsxh01nkhctmo7d48p82` FOREIGN KEY (`user_id`) REFERENCES `t_user` (`id`)
) ENGINE=InnoDB DEFAULT CHARSET=latin1;

-- ----------------------------
-- Records of t_blog
-- ----------------------------
INSERT INTO `t_blog` VALUES ('55', 0x48656C6C6F20576F726C642120426C6F672053657276657220697320757020616E642072756E6E696E6721, 0x48656C6C6F20576F726C642120546869732069732074686520666972737420706F7374206F6E207468697320626C6F6721, '2022-09-17 08:31:24.389000', null, 'https://miro.medium.com/max/1400/1*OohqW5DGh9CQS4hLY5FXzA.webp', '', '', 'Hello world', '2022-09-17 02:31:26.621000', '2', '70', '0', '', '');
INSERT INTO `t_blog` VALUES ('57', 0x64726166742074657374, 0x64726166742074657374, '2023-02-07 12:24:41.228000', null, 'https://miro.medium.com/max/1400/1*OohqW5DGh9CQS4hLY5FXzA.webp', '', '', 'draft test', '2023-02-09 11:27:37.700000', '0', '70', '0', '', '\0');
INSERT INTO `t_blog` VALUES ('60', 0x54657374696E67207468652072656E646572696E67206F66206D61726B646F776E2074657874, 0x2D2D2D0D0A5F5F4164766572746973656D656E74203A295F5F0D0A0D0A2D205F5F5B706963615D2868747470733A2F2F6E6F646563612E6769746875622E696F2F706963612F64656D6F2F295F5F202D2068696768207175616C69747920616E64206661737420696D6167650D0A2020726573697A6520696E2062726F777365722E0D0A2D205F5F5B626162656C666973685D2868747470733A2F2F6769746875622E636F6D2F6E6F646563612F626162656C666973682F295F5F202D20646576656C6F70657220667269656E646C790D0A20206931386E207769746820706C7572616C7320737570706F727420616E6420656173792073796E7461782E0D0A0D0A596F752077696C6C206C696B652074686F73652070726F6A65637473210D0A0D0A2D2D2D0D0A0D0A232068312048656164696E670D0A23232068322048656164696E670D0A2323232068332048656164696E670D0A232323232068342048656164696E670D0A23232323232068352048656164696E670D0A2323232323232068362048656164696E670D0A0D0A0D0A232320486F72697A6F6E74616C2052756C65730D0A0D0A5F5F5F0D0A0D0A2D2D2D0D0A0D0A2A2A2A0D0A0D0A0D0A2323205479706F67726170686963207265706C6163656D656E74730D0A0D0A456E61626C65207479706F67726170686572206F7074696F6E20746F2073656520726573756C742E0D0A0D0A2863292028432920287229202852292028746D292028544D292028702920285029202B2D0D0A0D0A746573742E2E20746573742E2E2E20746573742E2E2E2E2E20746573743F2E2E2E2E2E2074657374212E2E2E2E0D0A0D0A212121212121203F3F3F3F202C2C20202D2D202D2D2D0D0A0D0A22536D6172747970616E74732C20646F75626C652071756F7465732220616E64202773696E676C652071756F746573270D0A0D0A0D0A232320456D7068617369730D0A0D0A2A2A5468697320697320626F6C6420746578742A2A0D0A0D0A5F5F5468697320697320626F6C6420746578745F5F0D0A0D0A2A54686973206973206974616C696320746578742A0D0A0D0A5F54686973206973206974616C696320746578745F0D0A0D0A7E7E537472696B657468726F7567687E7E0D0A0D0A0D0A232320426C6F636B71756F7465730D0A0D0A0D0A3E20426C6F636B71756F7465732063616E20616C736F206265206E65737465642E2E2E0D0A3E3E202E2E2E6279207573696E67206164646974696F6E616C20677265617465722D7468616E207369676E73207269676874206E65787420746F2065616368206F746865722E2E2E0D0A3E203E203E202E2E2E6F72207769746820737061636573206265747765656E206172726F77732E0D0A0D0A0D0A2323204C697374730D0A0D0A556E6F7264657265640D0A0D0A2B204372656174652061206C697374206279207374617274696E672061206C696E65207769746820602B602C20602D602C206F7220602A600D0A2B205375622D6C6973747320617265206D61646520627920696E64656E74696E672032207370616365733A0D0A20202D204D61726B657220636861726163746572206368616E676520666F72636573206E6577206C6973742073746172743A0D0A202020202A20416320747269737469717565206C696265726F20766F6C75747061742061740D0A202020202B20466163696C6973697320696E207072657469756D206E69736C20616C69717565740D0A202020202D204E756C6C6120766F6C757470617420616C697175616D2076656C69740D0A2B20566572792065617379210D0A0D0A4F7264657265640D0A0D0A312E204C6F72656D20697073756D20646F6C6F722073697420616D65740D0A322E20436F6E73656374657475722061646970697363696E6720656C69740D0A332E20496E7465676572206D6F6C6573746965206C6F72656D206174206D617373610D0A0D0A0D0A312E20596F752063616E207573652073657175656E7469616C206E756D626572732E2E2E0D0A312E202E2E2E6F72206B65657020616C6C20746865206E756D626572732061732060312E600D0A0D0A5374617274206E756D626572696E672077697468206F66667365743A0D0A0D0A35372E20666F6F0D0A312E206261720D0A0D0A0D0A232320436F64650D0A0D0A496E6C696E652060636F6465600D0A0D0A496E64656E74656420636F64650D0A0D0A202020202F2F20536F6D6520636F6D6D656E74730D0A202020206C696E652031206F6620636F64650D0A202020206C696E652032206F6620636F64650D0A202020206C696E652033206F6620636F64650D0A0D0A0D0A426C6F636B20636F6465202266656E636573220D0A0D0A6060600D0A53616D706C65207465787420686572652E2E2E0D0A6060600D0A0D0A53796E74617820686967686C69676874696E670D0A0D0A606060206A730D0A76617220666F6F203D2066756E6374696F6E202862617229207B0D0A202072657475726E206261722B2B3B0D0A7D3B0D0A0D0A636F6E736F6C652E6C6F6728666F6F283529293B0D0A6060600D0A0D0A2323205461626C65730D0A0D0A7C204F7074696F6E207C204465736372697074696F6E207C0D0A7C202D2D2D2D2D2D207C202D2D2D2D2D2D2D2D2D2D2D207C0D0A7C20646174612020207C207061746820746F20646174612066696C657320746F20737570706C7920746865206461746120746861742077696C6C2062652070617373656420696E746F2074656D706C617465732E207C0D0A7C20656E67696E65207C20656E67696E6520746F206265207573656420666F722070726F63657373696E672074656D706C617465732E2048616E646C6562617273206973207468652064656661756C742E207C0D0A7C20657874202020207C20657874656E73696F6E20746F206265207573656420666F7220646573742066696C65732E207C0D0A0D0A526967687420616C69676E656420636F6C756D6E730D0A0D0A7C204F7074696F6E207C204465736372697074696F6E207C0D0A7C202D2D2D2D2D2D3A7C202D2D2D2D2D2D2D2D2D2D2D3A7C0D0A7C20646174612020207C207061746820746F20646174612066696C657320746F20737570706C7920746865206461746120746861742077696C6C2062652070617373656420696E746F2074656D706C617465732E207C0D0A7C20656E67696E65207C20656E67696E6520746F206265207573656420666F722070726F63657373696E672074656D706C617465732E2048616E646C6562617273206973207468652064656661756C742E207C0D0A7C20657874202020207C20657874656E73696F6E20746F206265207573656420666F7220646573742066696C65732E207C0D0A0D0A0D0A2323204C696E6B730D0A0D0A5B6C696E6B20746578745D28687474703A2F2F6465762E6E6F646563612E636F6D290D0A0D0A5B6C696E6B2077697468207469746C655D28687474703A2F2F6E6F646563612E6769746875622E696F2F706963612F64656D6F2F20227469746C6520746578742122290D0A0D0A4175746F636F6E766572746564206C696E6B2068747470733A2F2F6769746875622E636F6D2F6E6F646563612F706963612028656E61626C65206C696E6B69667920746F20736565290D0A0D0A0D0A232320496D616765730D0A0D0A215B4D696E696F6E5D2868747470733A2F2F6F63746F6465782E6769746875622E636F6D2F696D616765732F6D696E696F6E2E706E67290D0A215B53746F726D74726F6F706F6361745D2868747470733A2F2F6F63746F6465782E6769746875622E636F6D2F696D616765732F73746F726D74726F6F706F6361742E6A706720225468652053746F726D74726F6F706F63617422290D0A0D0A4C696B65206C696E6B732C20496D6167657320616C736F2068617665206120666F6F746E6F7465207374796C652073796E7461780D0A0D0A215B416C7420746578745D5B69645D0D0A0D0A576974682061207265666572656E6365206C6174657220696E2074686520646F63756D656E7420646566696E696E67207468652055524C206C6F636174696F6E3A0D0A0D0A5B69645D3A2068747470733A2F2F6F63746F6465782E6769746875622E636F6D2F696D616765732F646F6A6F6361742E6A706720202254686520446F6A6F636174220D0A0D0A, '2023-02-08 00:27:38.522000', null, 'https://resources.jetbrains.com/help/img/idea/2022.3/rm_markdown-basics.png', '', '\0', 'Markdown Test', '2023-02-10 01:53:46.117000', '130', '70', '0', '', '');
INSERT INTO `t_blog` VALUES ('75', 0x5265636F6D6D656E642054657374, 0x5265636F6D6D656E642054657374, '2023-02-09 07:17:22.675000', null, 'https://alaskabirchsyrup.com/wp-content/uploads/2017/08/placeholder-800x450.jpg', '', '', 'Recommend Test', '2023-02-07 11:08:08.551000', '38', '70', '0', '', '');
INSERT INTO `t_blog` VALUES ('76', 0x537072696E67204672616D65776F726B206F6666657273206120646570656E64656E637920696E6A656374696F6E20666561747572652074686174206C657473206F626A6563747320646566696E65207468656972206F776E20646570656E64656E6369657320746861742074686520537072696E6720636F6E7461696E6572206C6174657220696E6A6563747320696E746F207468656D2E205468697320656E61626C657320646576656C6F7065727320746F20637265617465206D6F64756C6172206170706C69636174696F6E7320636F6E73697374696E67206F66206C6F6F73656C7920636F75706C656420636F6D706F6E656E747320746861742061726520696465616C20666F72206D6963726F7365727669636573, 0x5B57686174206973204A61766120537072696E6720426F6F743F202D2049424D5D2868747470733A2F2F7777772E69626D2E636F6D2F746F706963732F6A6176612D737072696E672D626F6F74233A7E3A746578743D537072696E67253230426F6F7425323068656C7073253230646576656C6F706572732532306372656174652C617070253230647572696E67253230746865253230696E697469616C697A6174696F6E25323070726F636573732E202257686174206973204A61766120537072696E6720426F6F743F202D2049424D22292069732074686520736F75726365206F6620746869732061727469636C652E2054686973206973206F6E6C7920666F722064656D6F6E7374726174696F6E20616E642074657374696E6720707572706F7365732E0D0A23232057687920697320537072696E67204672616D65776F726B20736F20706F70756C61723F0D0A537072696E67204672616D65776F726B206F6666657273206120646570656E64656E637920696E6A656374696F6E20666561747572652074686174206C657473206F626A6563747320646566696E65207468656972206F776E20646570656E64656E6369657320746861742074686520537072696E6720636F6E7461696E6572206C6174657220696E6A6563747320696E746F207468656D2E205468697320656E61626C657320646576656C6F7065727320746F20637265617465206D6F64756C6172206170706C69636174696F6E7320636F6E73697374696E67206F66206C6F6F73656C7920636F75706C656420636F6D706F6E656E747320746861742061726520696465616C20666F72206D6963726F736572766963657320616E64206469737472696275746564206E6574776F726B206170706C69636174696F6E732E0D0A0D0A537072696E67204672616D65776F726B20616C736F206F6666657273206275696C742D696E20737570706F727420666F72207479706963616C207461736B73207468617420616E206170706C69636174696F6E206E6565647320746F20706572666F726D2C207375636820617320646174612062696E64696E672C207479706520636F6E76657273696F6E2C2076616C69646174696F6E2C20657863657074696F6E2068616E646C696E672C207265736F7572636520616E64206576656E74206D616E6167656D656E742C20696E7465726E6174696F6E616C697A6174696F6E2C20616E64206D6F72652E20497420696E7465677261746573207769746820766172696F7573204A61766120454520746563686E6F6C6F67696573207375636820617320524D49202852656D6F7465204D6574686F6420496E766F636174696F6E292C20414D51502028416476616E636564204D6573736167652051756575696E672050726F746F636F6C292C204A617661205765622053657276696365732C20616E64206F74686572732E20496E2073756D2C20537072696E67204672616D65776F726B2070726F766964657320646576656C6F70657273207769746820616C6C2074686520746F6F6C7320616E6420666561747572657320746865206E65656420746F20637265617465206C6F6F73656C7920636F75706C65642C2063726F73732D706C6174666F726D204A617661204545206170706C69636174696F6E7320746861742072756E20696E20616E7920656E7669726F6E6D656E742E0D0A0D0A2323200D0A0D0A2323205768617420537072696E6720426F6F74206164647320746F20537072696E67204672616D65776F726B0D0A41732063617061626C6520616E6420636F6D70726568656E7369766520617320537072696E67204672616D65776F726B2069732C206974207374696C6C207265717569726573207369676E69666963616E742074696D6520616E64206B6E6F776C6564676520746F20636F6E6669677572652C207365742075702C20616E64206465706C6F7920537072696E67206170706C69636174696F6E732E20537072696E6720426F6F74206D69746967617465732074686973206566666F7274207769746820746872656520696D706F7274616E74206361706162696C69746965732E0D0A0D0A232323204175746F636F6E66696775726174696F6E0D0A0D0A4175746F636F6E66696775726174696F6E206D65616E732074686174206170706C69636174696F6E732061726520696E697469616C697A65642077697468207072652D73657420646570656E64656E63696573207468617420796F7520646F6E2774206861766520746F20636F6E666967757265206D616E75616C6C792E204173204A61766120537072696E6720426F6F7420636F6D65732077697468206275696C742D696E206175746F636F6E66696775726174696F6E206361706162696C69746965732C206974206175746F6D61746963616C6C7920636F6E6669677572657320626F74682074686520756E6465726C79696E6720537072696E67204672616D65776F726B20616E642074686972642D7061727479207061636B61676573206261736564206F6E20796F75722073657474696E67732028616E64206261736564206F6E2062657374207072616374696365732C2077686963682068656C70732061766F6964206572726F7273292E204576656E2074686F75676820796F752063616E206F766572726964652074686573652064656661756C7473206F6E63652074686520696E697469616C697A6174696F6E20697320636F6D706C6574652C204A61766120537072696E6720426F6F742773206175746F636F6E66696775726174696F6E206665617475726520656E61626C657320796F7520746F20737461727420646576656C6F70696E6720796F757220537072696E672D6261736564206170706C69636174696F6E73206661737420616E6420726564756365732074686520706F73736962696C697479206F662068756D616E206572726F72732E0D0A0D0A232323204F70696E696F6E6174656420617070726F6163680D0A0D0A537072696E6720426F6F74207573657320616E206F70696E696F6E6174656420617070726F61636820746F20616464696E6720616E6420636F6E6669677572696E67207374617274657220646570656E64656E636965732C206261736564206F6E20746865206E65656473206F6620796F75722070726F6A6563742E20466F6C6C6F77696E6720697473206F776E206A7564676D656E742C20537072696E6720426F6F742063686F6F736573207768696368207061636B6167657320746F20696E7374616C6C20616E642077686963682064656661756C742076616C75657320746F207573652C20726174686572207468616E20726571756972696E6720796F7520746F206D616B6520616C6C2074686F7365206465636973696F6E7320796F757273656C6620616E64207365742075702065766572797468696E67206D616E75616C6C792E0D0A0D0A596F752063616E20646566696E6520746865206E65656473206F6620796F75722070726F6A65637420647572696E672074686520696E697469616C697A6174696F6E2070726F636573732C20647572696E6720776869636820796F752063686F6F736520616D6F6E67206D756C7469706C65207374617274657220646570656E64656E63696573E2809463616C6C656420537072696E67205374617274657273E280947468617420636F766572207479706963616C207573652063617365732E20596F752072756E20537072696E6720426F6F7420496E697469616C697A722062792066696C6C696E67206F757420612073696D706C652077656220666F726D2C20776974686F757420616E7920636F64696E672E0D0A0D0A466F72206578616D706C652C2074686520E28098537072696E6720576562E28099207374617274657220646570656E64656E637920616C6C6F777320796F7520746F206275696C6420537072696E672D626173656420776562206170706C69636174696F6E732077697468206D696E696D616C20636F6E66696775726174696F6E20627920616464696E6720616C6C20746865206E656365737361727920646570656E64656E63696573E2809473756368206173207468652041706163686520546F6D6361742077656220736572766572E28094746F20796F75722070726F6A6563742E20E28098537072696E67205365637572697479E2809920697320616E6F7468657220706F70756C6172207374617274657220646570656E64656E63792074686174206175746F6D61746963616C6C7920616464732061757468656E7469636174696F6E20616E64206163636573732D636F6E74726F6C20666561747572657320746F20796F7572206170706C69636174696F6E2E0D0A0D0A537072696E6720426F6F7420696E636C75646573206F76657220353020537072696E672053746172746572732C20616E64206D616E79206D6F72652074686972642D70617274792073746172746572732061726520617661696C61626C652E0D0A0D0A232323205374616E64616C6F6E65206170706C69636174696F6E730D0A0D0A537072696E6720426F6F742068656C707320646576656C6F7065727320637265617465206170706C69636174696F6E732074686174206A7573742072756E2E205370656369666963616C6C792C206974206C65747320796F7520637265617465207374616E64616C6F6E65206170706C69636174696F6E7320746861742072756E206F6E207468656972206F776E2C20776974686F75742072656C79696E67206F6E20616E2065787465726E616C20776562207365727665722C20627920656D62656464696E6720612077656220736572766572207375636820617320546F6D636174206F72204E6574747920696E746F20796F75722061707020647572696E672074686520696E697469616C697A6174696F6E2070726F636573732E204173206120726573756C742C20796F752063616E206C61756E636820796F7572206170706C69636174696F6E206F6E20616E7920706C6174666F726D2062792073696D706C792068697474696E67207468652052756E20636F6D6D616E642E2028596F752063616E206F7074206F7574206F662074686973206665617475726520746F206275696C64206170706C69636174696F6E7320776974686F757420616E20656D62656464656420576562207365727665722E29, '2023-02-09 10:01:44.182000', null, 'https://4.bp.blogspot.com/-ou-a_Aa1t7A/W6IhNc3Q0gI/AAAAAAAAD6Y/pwh44arKiuM_NBqB1H7Pz4-7QhUxAgZkACLcBGAs/s1600/spring-boot-logo.png', '\0', '\0', 'What is Spring and Spring boot - IBM', '2023-02-09 14:22:04.306000', '30', '2', '0', '', '');
INSERT INTO `t_blog` VALUES ('78', 0x4172636869766520546573742032303139, 0x4172636869766520546573742032303139, '2019-05-13 14:13:15.007000', null, 'https://spikesite2-17132.kxcdn.com/wp-content/uploads/samuel-zeller-360588-unsplash-1024x645-1-1024x645.jpg', '\0', '', 'Archive Test 2019', '2019-02-09 14:17:18.302000', '1', '70', '0', '', '');

-- ----------------------------
-- Table structure for t_blog_tags
-- ----------------------------
DROP TABLE IF EXISTS `t_blog_tags`;
CREATE TABLE `t_blog_tags` (
  `blogs_id` bigint(20) NOT NULL,
  `tags_id` bigint(20) NOT NULL,
  KEY `FK5feau0gb4lq47fdb03uboswm8` (`tags_id`),
  KEY `FKh4pacwjwofrugxa9hpwaxg6mr` (`blogs_id`),
  CONSTRAINT `FK5feau0gb4lq47fdb03uboswm8` FOREIGN KEY (`tags_id`) REFERENCES `t_tag` (`id`),
  CONSTRAINT `FKh4pacwjwofrugxa9hpwaxg6mr` FOREIGN KEY (`blogs_id`) REFERENCES `t_blog` (`id`)
) ENGINE=InnoDB DEFAULT CHARSET=latin1;

-- ----------------------------
-- Records of t_blog_tags
-- ----------------------------
INSERT INTO `t_blog_tags` VALUES ('55', '33');
INSERT INTO `t_blog_tags` VALUES ('75', '33');
INSERT INTO `t_blog_tags` VALUES ('57', '33');
INSERT INTO `t_blog_tags` VALUES ('78', '33');
INSERT INTO `t_blog_tags` VALUES ('76', '31');
INSERT INTO `t_blog_tags` VALUES ('76', '33');
INSERT INTO `t_blog_tags` VALUES ('76', '74');
INSERT INTO `t_blog_tags` VALUES ('60', '33');

-- ----------------------------
-- Table structure for t_comment
-- ----------------------------
DROP TABLE IF EXISTS `t_comment`;
CREATE TABLE `t_comment` (
  `id` bigint(20) NOT NULL,
  `avatar` varchar(255) DEFAULT NULL,
  `content` varchar(255) DEFAULT NULL,
  `create_time` datetime(6) DEFAULT NULL,
  `email` varchar(255) DEFAULT NULL,
  `nickname` varchar(255) DEFAULT NULL,
  `blog_id` bigint(20) DEFAULT NULL,
  `parent_comment_id` bigint(20) DEFAULT NULL,
  `is_admin` bit(1) NOT NULL,
  PRIMARY KEY (`id`),
  KEY `FKke3uogd04j4jx316m1p51e05u` (`blog_id`),
  KEY `FK4jj284r3pb7japogvo6h72q95` (`parent_comment_id`),
  CONSTRAINT `FK4jj284r3pb7japogvo6h72q95` FOREIGN KEY (`parent_comment_id`) REFERENCES `t_comment` (`id`),
  CONSTRAINT `FKke3uogd04j4jx316m1p51e05u` FOREIGN KEY (`blog_id`) REFERENCES `t_blog` (`id`)
) ENGINE=InnoDB DEFAULT CHARSET=latin1;

-- ----------------------------
-- Records of t_comment
-- ----------------------------
INSERT INTO `t_comment` VALUES ('62', '/images/viewer-avatar.png', 'Hello', '2023-02-08 03:37:19.207000', 'sean.xfc@gmail.com', 'Sean', '55', null, '\0');
INSERT INTO `t_comment` VALUES ('63', '/images/viewer-avatar.png', 'This is a reply to Sean', '2023-02-08 03:50:46.669000', 'alice@gmail.com', 'Alice', '55', '62', '\0');
INSERT INTO `t_comment` VALUES ('64', '/images/viewer-avatar.png', 'markdown is amaizing', '2023-02-08 03:52:42.853000', 'alice@gamil.com', 'Alice', '60', null, '\0');
INSERT INTO `t_comment` VALUES ('65', '/images/viewer-avatar.png', 'Indeed', '2023-02-08 03:53:13.335000', 'bob@gamil.com', 'Bob', '60', '64', '\0');
INSERT INTO `t_comment` VALUES ('66', '/images/viewer-avatar.png', 'Hi Alice', '2023-02-08 05:48:16.984000', 'sean.xfc@gmail.com', 'Sean', '55', '63', '\0');
INSERT INTO `t_comment` VALUES ('67', '/images/viewer-avatar.png', 'Applying to myself', '2023-02-08 05:49:48.370000', 'sean.xfc@gmail.com', 'Sean', '55', '62', '\0');
INSERT INTO `t_comment` VALUES ('68', '/images/viewer-avatar.png', 'A new Comment to Blog', '2023-02-08 05:50:19.425000', 'sean.xfc@gmail.com', 'Bob', '55', null, '\0');
INSERT INTO `t_comment` VALUES ('69', '/images/viewer-avatar.png', 'Hi Bob!', '2023-02-08 05:53:56.241000', 'sean.xfc@gmail.com', 'Alice', '55', '68', '\0');
INSERT INTO `t_comment` VALUES ('71', '/images/admin-avatar.png', 'Welcome to my Blog!', '2023-02-09 04:03:30.158000', 'sean.xfc@gmail.com', 'Xuanfu', '55', null, '');
INSERT INTO `t_comment` VALUES ('72', '/images/viewer-avatar.png', 'This is a guest comment', '2023-02-09 04:04:11.993000', 'sean.xfc@gmail.com', 'Sean', '55', null, '\0');
INSERT INTO `t_comment` VALUES ('73', '/images/viewer-avatar.png', 'This is a guest reply', '2023-02-09 04:04:39.683000', 'sean.xfc@gmail.com', 'Sean', '55', '71', '\0');

-- ----------------------------
-- Table structure for t_tag
-- ----------------------------
DROP TABLE IF EXISTS `t_tag`;
CREATE TABLE `t_tag` (
  `id` bigint(20) NOT NULL,
  `name` varchar(255) DEFAULT NULL,
  PRIMARY KEY (`id`)
) ENGINE=InnoDB DEFAULT CHARSET=latin1;

-- ----------------------------
-- Records of t_tag
-- ----------------------------
INSERT INTO `t_tag` VALUES ('31', 'Java');
INSERT INTO `t_tag` VALUES ('33', 'test');
INSERT INTO `t_tag` VALUES ('74', 'Spring boot');

-- ----------------------------
-- Table structure for t_type
-- ----------------------------
DROP TABLE IF EXISTS `t_type`;
CREATE TABLE `t_type` (
  `id` bigint(20) NOT NULL,
  `name` varchar(255) DEFAULT NULL,
  PRIMARY KEY (`id`)
) ENGINE=InnoDB DEFAULT CHARSET=latin1;

-- ----------------------------
-- Records of t_type
-- ----------------------------
INSERT INTO `t_type` VALUES ('2', 'Coding');
INSERT INTO `t_type` VALUES ('70', 'Testing');

-- ----------------------------
-- Table structure for t_user
-- ----------------------------
DROP TABLE IF EXISTS `t_user`;
CREATE TABLE `t_user` (
  `id` bigint(20) NOT NULL,
  `avatar` varchar(255) DEFAULT NULL,
  `create_time` datetime(6) DEFAULT NULL,
  `email` varchar(255) DEFAULT NULL,
  `nickname` varchar(255) DEFAULT NULL,
  `password` varchar(255) DEFAULT NULL,
  `permission` int(11) DEFAULT NULL,
  `update_time` datetime(6) DEFAULT NULL,
  `username` varchar(255) DEFAULT NULL,
  PRIMARY KEY (`id`)
) ENGINE=InnoDB DEFAULT CHARSET=latin1;

-- ----------------------------
-- Records of t_user
-- ----------------------------
INSERT INTO `t_user` VALUES ('0', 'https://icon-library.com/icon/avatar-icon-images-4.html.html', '2023-01-30 01:34:32.000000', 'sean.xfc@gmail.com', 'Xuanfu', 'E10ADC3949BA59ABBE56E057F20F883E', '1', '2023-01-30 01:35:24.000000', 'Xuanfu');
